{
	"class_name" : "PinholeCameraParameters",
	"extrinsic" : 
	[
		0.98169058398738951,
		0.0026659766835656212,
		-0.19046388077223705,
		0.0,
		0.17598903888801404,
		-0.39526260015520653,
		0.90155162642514186,
		0.0,
		-0.072879733134605551,
		-0.91856429796006567,
		-0.38849475544897727,
		0.0,
		-1.2221176668114719,
		-2.6190022821265559,
		22.126933973366842,
		1.0
	],
	"intrinsic" : 
	{
		"height" : 705,
		"intrinsic_matrix" : 
		[
			610.54790966802932,
			0.0,
			0.0,
			0.0,
			610.54790966802932,
			0.0,
			682.5,
			352.0,
			1.0
		],
		"width" : 1366
	},
	"version_major" : 1,
	"version_minor" : 0
}